h,k,p,sigma,data_size,distortion,time_find_min_moles,time_total
0.4,30,2,0.15,100000,0.10087950860836757,119,126
0.4,30,3,0.15,100000,0.11030102964090203,850,859
0.4,30,4,0.15,100000,0.11480525094388168,2534,2545
0.4,30,5,0.15,100000,0.1174985929831711,2502,2513
0.4,30,6,0.15,100000,0.1174985929831711,2508,2519
0.4,30,7,0.15,100000,0.1174985929831711,2484,2495